num,time_ordered,time_inverse,time_random
500,0.0012000000,0.0006640000,0.0000510000
1000,0.0033210000,0.0021880000,0.0000920000
2000,0.0141160000,0.0084300000,0.0001990000
4000,0.0572980000,0.0390640000,0.0004500000
8000,0.2251890000,0.1540130000,0.0009500000
16000,0.8984820000,0.6058350000,0.0020470000
32000,3.6797380000,2.4392150000,0.0054010000
64000,15.3583930000,10.1845850000,0.0119700000
128000,62.0869240000,41.6901560000,0.0270390000