num,time_ordered,time_inverse,time_random
10,0.0000000000,0.0000000000,0.0000000000
100,0.0000000000,0.0000000000,0.0000000000